no,word,meaning
1,create,を創り出す
2,increase,増加する
3,improve,を向上させる
4,mean,を意味する
5,own,を所有している
6,include,を含む
7,consider,を見なす
8,allow,を許す
9,suggest,を提案する
10,produce,を生産する
11,decide,を決める
12,offer,を提供する，申し出る
13,require,を要求する
14,share,を共有する
15,store,を保存する
16,tend,傾向がある
17,concern,心配している
18,describe,について述べる，を説明する
19,involve,を関与させる
20,reduce,を減らす
21,design,を設計する
22,force,に強いる
23,limit,を制限する
24,bear,に耐える
25,affect,に影響を及ぼす
26,deal,を処理する
27,avoid,を避ける
28,relate,を関連づける
29,realize,に気づく
30,encourage,を奨励する
31,compare,を比較する
32,measure,を測る
33,exist,存在する
34,mark,に印をつける
35,challenge,に異議を唱える
36,depend,頼る
37,object,反対する
38,demand,を要求する
39,found,を設立する
40,complete,を完成させる，仕上げる
41,idea,考え，思いつき
42,accord,一致
43,company,会社
44,interest,興味
45,research,研究，調査
46,cause,原因
47,reason,理由
48,effect,影響，効果
49,influence,影響
50,situation,状況
51,environment,環境
52,skill,技能
53,matter,事柄
54,view,見解
55,value,価値
56,species,種
57,thought,考え
58,knowledge,知識
59,memory,記憶
60,practice,実践，実行
61,benefit,利益，恩恵
62,theory,学説
63,issue,問題
64,experiment,実験
65,article,記事
66,focus,焦点
67,subject,話題
68,project,計画
69,quality,質
70,role,役割
71,term,用語
72,statement,声明
73,material,材料，素材
74,evidence,証拠
75,source,源，根源
76,community,社会，～界
77,technology,科学技術
78,culture,文化
79,appropriate,適切な
80,likely,ありそうな
81,possible,可能な
82,individual,個々の
83,public,公の
84,common,共通の
85,certain,確信して
86,similar,似ている，類似した
87,recent,最近の
88,major,主要な
89,patient,忍耐強い
90,particular,特定の
91,physical,身体の
92,various,さまざまな
93,available,手に入る
94,native,出生地の
95,political,政治の
96,due,予定された
97,blank,空白の
98,ancient,古代の
99,correct,正しい
100,despite,～にもかかわらず
101,notice,に気づく
102,refer,言及する，関連する
103,approach,に近づく
104,wonder,かなと思う
105,imagine,想像する
106,recognize,を識別できる
107,solve,を解く，解明する
108,occur,起こる
109,argue,と主張する
110,claim,と主張する
111,express,を表す，述べる
112,draw,を引き出す
113,waste,を浪費する，無駄にする
114,advance,を進歩させる
115,spread,を広める
116,prepare,を準備する
117,gain,を獲得する
118,achieve,を達成する
119,establish,を確立する
120,supply,を供給する
121,suppose,と思う
122,perform,行う
123,prefer,のほうを好む
124,determine,を決定する
125,treat,を扱う
126,prove,を証明する
127,apply,を適用する
128,mention,に言及する
129,communicate,情報交換をする
130,contain,を含む
131,contact,と連絡を取る
132,regard,を見なす
133,respect,を尊敬する
134,search,捜す
135,connect,をつなぐ
136,decline,減少する
137,prevent,を妨げる
138,suffer,苦しむ
139,survive,を切り抜けて生き残る
140,publish,を出版する
141,opportunity,機会
142,task,仕事，作業
143,industry,産業
144,medium,媒体
145,economy,経済
146,policy,政策，方針
147,account,説明
148,trade,貿易
149,model,模範
150,figure,数字
151,cell,細胞
152,image,印象，イメージ
153,emotion,感情，情動
154,stress,ストレス
155,decade,10年間
156,range,範囲
157,character,性格，個性
158,advantage,利点
159,phrase,句
160,damage,損害，損傷
161,impact,影響
162,method,方法
163,resource,資源
164,region,地域
165,medicine,薬
166,detail,詳細，細部
167,feature,特徴
168,function,機能
169,access,利用，入手
170,item,品目，項目
171,income,収入
172,attitude,態度
173,site,用地，場所
174,aspect,側面
175,structure,構造
176,habit,習慣，癖
177,link,関連，つながり
178,instance,例，実例
179,positive,肯定的な
180,negative,否定的な
181,complex,複雑な
182,current,現在の
183,mental,精神の
184,specific,特定の
185,significant,重要な，重大な
186,essential,必要不可欠な
187,official,公用の
188,financial,財政の
189,academic,学問の
190,aware,気づいて，知って
191,worth,に値する
192,potential,潜在的な
193,active,積極的な
194,digital,デジタル方式の
195,mobile,可動式の
196,novel,斬新な，目新しい
197,plastic,柔軟な
198,chemical,化学の，化学的な
199,necessary,必要な
200,eventually,結局
201,identify,を特定する
202,represent,を表す
203,indicate,を指し示す
204,manage,をなんとか成し遂げる
205,attend,に出席する
206,maintain,を維持する
207,survey,を調査する
208,replace,に取って代わる
209,sort,を分類する
210,conduct,を実施する
211,associate,を結び付けて考える
212,attempt,を試みる，企てる
213,promote,を促進する
214,earn,を稼ぐ
215,unite,を団結させる
216,feed,に食べ物を与える
217,seek,を追い求める
218,observe,に気づく
219,reveal,を明らかにする
220,estimate,と推定する
221,reflect,を反映する
222,attract,を引きつける
223,decrease,減少する
224,ignore,を無視する
225,match,合う
226,define,を定義する
227,adapt,適応する
228,contribute,貢献する，一因となる
229,exchange,交換する
230,display,を示す
231,respond,反応する
232,hide,を隠す
233,doubt,ではないと思う
234,remove,を取り除く
235,wind,を巻く
236,assume,を当然のことと思う，と仮定する
237,relax,くつろぐ
238,satisfy,を満足させる
239,desire,を強く望む
240,succeed,成功する
241,concept,概念
242,fashion,流行，ファッション
243,device,装置，機器
244,charge,料金
245,contrast,対照
246,colleague,同僚
247,pain,苦痛，痛み
248,bill,請求書
249,content,内容，中身
250,section,部門
251,audience,聴衆，観客
252,surface,表面
253,crop,作物
254,topic,話題，トピック
255,technique,技術
256,status,地位
257,option,選択
258,reward,報酬
259,race,人種
260,crime,罪，犯罪
261,conflict,争い
262,struggle,闘い
263,context,状況，背景
264,debate,討論，論争
265,fuel,燃料
266,pollution,汚染，公害
267,trend,傾向
268,balance,均衡，バランス
269,traffic,交通
270,strategy,戦略
271,basis,基礎
272,consequence,結果
273,aim,目的，目標
274,ancestor,祖先
275,gene,遺伝子
276,track,跡
277,revolution,革命
278,progress,進歩
279,cognitive,認知の
280,ideal,理想的な
281,efficient,効率的な
282,universal,普遍的な
283,vast,莫大な
284,extra,追加の，余分の
285,entire,全体の，全部の
286,familiar,精通している
287,obvious,明らかな
288,moral,道徳の，倫理的な
289,ordinary,一般の，普通の
290,equal,等しい
291,previous,以前の，前の
292,False,間違った
293,rare,まれな，珍しい
294,legal,法律の
295,independent,独立した
296,extreme,極端な
297,actual,実際の，現実の
298,willing,いとわない，かまわないと思う
299,urban,都市の
300,whereas,～するのに，～する一方
301,predict,を予言する
302,examine,を調べる
303,trust,を信頼する
304,stick,を動けなくする
305,emerge,現れる
306,vary,さまざまである
307,release,を放出する
308,divide,を分ける
309,enable,が…できるようにする
310,judge,判断する
311,rely,頼る
312,engage,を従事させる
313,shift,を変える，移す
314,adopt,を採用する
315,acquire,を得る
316,expand,拡大する
317,refuse,を拒む
318,strike,の心を打つ
319,repeat,繰り返す
320,consume,を消費する
321,confuse,を混同する
322,select,を選ぶ，えり抜く
323,evolve,発展する
324,convince,を納得させる
325,recall,を思い出す
326,destroy,を破壊する
327,preserve,を保存する
328,organize,を準備する
329,warn,に警告する(of / against)
330,address,に対処する
331,operate,を操作する
332,participate,参加する
333,surround,を取り巻く
334,flow,流れる
335,bore,を退屈させる，うんざりさせる
336,complain,不平を言う
337,host,を主催する
338,combine,を結び付ける
339,extend,を伸ばす
340,appreciate,を正当に評価する
341,target,目標
342,element,要素，成分
343,principle,原則，原理
344,phenomenon,現象
345,atmosphere,大気
346,origin,起源
347,personality,個性，性格
348,capacity,容量，収容能力
349,profit,利益
350,circumstance,状況，事情
351,manner,作法
352,threat,脅威
353,resident,居住者
354,wealth,富
355,institution,機関
356,authority,当局
357,vote,投票
358,sight,光景
359,campaign,運動
360,fund,基金，資金
361,web,ウェブ
362,symbol,象徴，シンボル
363,analysis,分析
364,version,版
365,perspective,観点，見方
366,crisis,危機
367,disaster,災害
368,lecture,講義，講演
369,psychology,心理学
370,gender,性，性別
371,custom,慣習
372,court,裁判所，法廷
373,desert,砂漠
374,soil,土地，土壌
375,agriculture,農業
376,fossil,化石
377,document,文書，書類
378,vocabulary,語彙
379,intelligent,聡明な
380,conscious,意識して，気づいて
381,capable,能力がある
382,accurate,正確な
383,fundamental,基本的な
384,artificial,人工の
385,firm,確固たる
386,overall,総合的な
387,rural,田舎の，田園の
388,military,軍の，軍事の
389,nuclear,核の，原子力の
390,biological,生物学の
391,constant,絶え間ない
392,severe,厳しい
393,visual,視覚の
394,enormous,莫大な，巨大な
395,convenient,便利な，都合のいい
396,domestic,家庭の
397,mass,大規模な，大量の
398,typical,典型的な
399,overseas,海外へ
400,nevertheless,それにもかかわらず
401,demonstrate,を論証する
402,behave,振る舞う
403,educate,を教育する
404,purchase,を購入する
405,recommend,を勧める
406,admit,認める
407,generate,を生み出す
408,explore,調査する
409,amaze,をびっくりさせる
410,tear,を引き裂く
411,settle,を解決する
412,afford,を持つ余裕がある
413,conclude,と結論づける
414,advertise,を宣伝する
415,encounter,に遭遇する
416,remind,に思い出させる
417,locate,位置する
418,aid,を援助する，助ける
419,bite,かむ，かみつく
420,deliver,を配達する
421,perceive,に気づく
422,distinguish,を区別する
423,imply,を暗に意味する
424,handle,を処理する，扱う
425,praise,を賞賛する
426,appeal,訴える
427,insist,強く主張する
428,compete,競う
429,rank,を位置づける，評価する
430,deny,を否定する
431,reject,を拒否する
432,intend,を意図する
433,expose,をさらす
434,favor,に賛成する
435,inspire,を奮起させる
436,propose,を提案する
437,spell,をつづる
438,breathe,呼吸する
439,repair,を修理する
440,consist,成る
441,comment,意見，コメント
442,instruction,指示
443,religion,宗教
444,neighborhood,地域
445,laboratory,実験室，研究室
446,presence,存在
447,confidence,自信
448,harm,害，損害
449,instrument,器具
450,category,部類，区分
451,capital,資本
452,outcome,結果
453,notion,概念，観念
454,review,論評
455,trait,特性
456,diversity,多様性
457,victim,犠牲，被害者
458,occasion,場合，時
459,facility,施設，設備
460,stock,在庫品
461,conference,会議
462,humanity,人類
463,dialect,方言
464,proportion,割合
465,tip,助言，秘訣
466,lawyer,弁護士
467,stuff,物
468,comfort,快適さ
469,philosophy,哲学
470,mammal,哺乳動物
471,quantity,量
472,landscape,風景
473,tribe,部族
474,organ,器官，臓器
475,trial,試み，試験
476,norm,規範
477,code,規範
478,substance,物質
479,multiple,多様な
480,numerous,非常に数の多い
481,narrow,狭い
482,widespread,広範囲にわたる
483,sufficient,(～に
484,proper,適切な
485,linguistic,言語の，言語学の
486,annual,年1回の，例年の
487,contemporary,現代の
488,contrary,反対の
489,strict,厳しい
490,civil,市民の
491,odd,奇妙な
492,unknown,不明の
493,superior,よりすぐれた
494,sensitive,敏感な
495,violent,激しい
496,virtual,仮想の
497,regardless,かまわない，無頓着な
498,immediate,即座の
499,crucial,重要な
500,somewhat,いくぶん，多少
501,interpret,を解釈する
502,translate,を翻訳する
503,concentrate,集中する
504,request,に頼む
505,criticize,を批判する
506,overcome,を克服する
507,obtain,を得る
508,inform,に知らせる
509,ensure,を確実にする
510,announce,を発表する，知らせる
511,grant,にを与える
512,freeze,凍る
513,oppose,に反対する
514,differ,異なる
515,hate,をひどく嫌う
516,emphasize,を強調する
517,employ,を雇う
518,credit,を帰する(to)
519,transform,を変える
520,construct,を建設する
521,arise,生じる
522,beat,を打ち負かす
523,regret,を後悔する
524,alter,を変える
525,absorb,を吸収する
526,disappoint,を失望させる
527,cure,を治す
528,transport,を輸送する
529,rush,急いで行く
530,hang,を掛ける
531,blame,を責める
532,ban,を禁止する
533,fascinate,を魅了する
534,recover,回復する
535,celebrate,を祝う
536,manufacture,を製造する
537,interact,影響し合う
538,arrange,の段取りをつける
539,adjust,を調整する
540,confirm,を確認する
541,insight,見識，理解
542,innovation,革新
543,budget,予算
544,fee,料金
545,expense,経費
546,debt,借金，負債
547,loan,貸付金，融資
548,duty,義務
549,alarm,不安，恐れ
550,emergency,緊急
551,democracy,民主主義，民主政治
552,minister,大臣
553,fellow,仲間，同僚
554,candidate,候補(for)
555,corporation,企業
556,stereotype,固定観念
557,route,道
558,disorder,障害，不調
559,depression,憂うつ
560,weapon,兵器，武器
561,immigration,移民，移住
562,barrier,障壁
563,disadvantage,不利
564,mood,気分
565,motion,動き，動作
566,routine,決まり切った仕事
567,discipline,規律，しつけ
568,myth,作り話
569,hypothesis,仮説
570,physician,医師
571,client,顧客
572,colony,植民地
573,statistics,統計
574,grain,穀物
575,ingredient,材料，成分
576,treasure,宝物，財宝
577,contract,契約
578,welfare,福祉，幸福
579,prime,主要な，最も重要な
580,curious,好奇心の強い
581,dramatic,劇的な
582,distinct,明らかに異なる
583,anxious,心配して
584,vital,必要不可欠な
585,conventional,従来の
586,abstract,抽象的な
587,minor,重要でない
588,extraordinary,並はずれた
589,stable,安定した
590,flexible,融通の利く，柔軟な
591,brief,簡潔な
592,aggressive,攻撃的な
593,visible,見える
594,unexpected,思いがけない，不意の
595,ethnic,民族の，人種の
596,alien,異質の
597,initial,初めの
598,exact,正確な
599,precise,正確な
600,latter,後者の，後半の
601,commit,献身する
602,stimulate,を刺激する
603,enhance,を高める，増す
604,pursue,を追求する
605,react,反応する
606,disagree,不賛成である
607,stare,じっと見る
608,abandon,を捨てる
609,quit,をやめる
610,capture,をとらえる
611,transfer,を移す
612,bother,を悩ます
613,persuade,を説得する
614,rent,を賃借りする
615,breed,を繁殖させる，育てる
616,invest,投資する
617,reserve,を予約する
618,trace,をたどる
619,illustrate,を説明する
620,advise,に忠告する
621,convey,を伝える
622,attach,を付ける
623,stretch,を伸ばす
624,puzzle,を当惑させる
625,disturb,をかき乱す
626,crash,衝突する，墜落する
627,cope,うまく処理する
628,permit,を許可する
629,impress,を感動させる
630,suspect,ではないかと思う
631,upset,を動揺させる
632,frighten,を怖がらせる
633,import,を輸入する
634,export,輸出する
635,investigate,を調査する
636,monitor,を監視する
637,calculate,を計算する
638,eliminate,を取り除く
639,ease,を軽減する
640,launch,を開始する
641,sequence,連続
642,therapy,療法
643,symptom,症状
644,incident,出来事，事件
645,witness,目撃者
646,sum,額
647,burden,負担
648,tone,口調
649,honor,光栄
650,award,賞
651,priority,優先
652,logic,論理
653,minimum,最小限度
654,exception,例外
655,clue,手がかり
656,bond,絆
657,virus,ウイルス
658,surgery,手術
659,insurance,保険
660,frame,枠，縁
661,shelter,避難，保護
662,territory,領土
663,boundary,境界
664,habitat,生息地
665,district,地区
666,conservation,保護
667,harvest,収穫
668,predator,捕食動物
669,trap,わな
670,trick,こつ
671,fault,責任
672,discount,割引
673,bias,偏見
674,cooperation,協力，共同
675,patent,特許
676,dialogue,対話，会話
677,component,構成要素
678,reputation,評判
679,verbal,言葉の
680,internal,内部の
681,solid,しっかりした
682,remote,遠く離れた
683,principal,主要な
684,sophisticated,高性能の，精巧な
685,equivalent,等しい，相当する
686,rational,理性的な
687,relevant,関係がある
688,absolute,絶対的な
689,frequent,頻繁な
690,permanent,永続的な
691,intense,強烈な
692,meaningful,意味のある
693,evil,邪悪な
694,extinct,絶滅した
695,random,無作為の
696,raw,生の
697,rude,無礼な
698,mere,単なる，ほんの
699,tropical,熱帯の
700,forth,前へ，先へ
701,possess,を所有している
702,dominate,を支配する
703,guarantee,を保証する
704,melt,溶ける
705,embarrass,に恥ずかしい思いをさせる
706,discourage,にやる気をなくさせる
707,detect,を感知する
708,devote,をささげる
709,urge,に促す
710,lend,を貸す
711,restrict,を制限する
712,isolate,を孤立させる
713,accompany,に同行する
714,exhaust,を疲れ果てさせる
715,annoy,を悩ます
716,endanger,を危険にさらす
717,acknowledge,を認める
718,admire,に敬服する
719,evaluate,を評価する
720,declare,を宣言する
721,secure,を確保する
722,specialize,専門とする
723,attribute,を帰する(to)
724,pretend,ふりをする
725,bury,を埋める
726,reverse,を逆転させる
727,resist,に抵抗する
728,scare,をおびえさせる
729,imitate,をまねる
730,assist,援助する
731,resemble,に似ている
732,retire,引退する，退職する
733,neglect,をおろそかにする，怠る
734,collapse,崩壊する
735,reform,を改革する
736,protest,抗議する
737,owe,に借りがある
738,sustain,を持続させる
739,assign,を割り当てる
740,accomplish,を成し遂げる
741,wisdom,知恵
742,literacy,読み書きの能力
743,heritage,遺産
744,mission,使命
745,license,免許
746,elite,〔集合的に〕エリート
747,layer,層
748,motor,モーター
749,protein,たんぱく質
750,profession,職業
751,editor,編集者
752,agent,仲介者，代理人
753,globe,地球
754,haven,避難所，保護区
755,row,列
756,sacrifice,犠牲
757,means,手段
758,session,集まり
759,league,連盟
760,contest,コンテスト，競技
761,guard,警備員
762,opponent,相手
763,glance,ちらっと見ること
764,divorce,離婚
765,tissue,組織
766,liquid,液体
767,inequality,不平等
768,prejudice,偏見
769,justice,公正，正義
770,guideline,指針，ガイドライン
771,platform,プラットフォーム
772,sector,部門，セクター
773,channel,チャンネル
774,glacier,氷河
775,primate,霊長目の動物
776,usage,用法
777,fortune,財産
778,correlation,相互関係，相関
779,artistic,芸術的な
780,literary,文学の
781,classic,第一級の
782,liberal,自由主義の
783,concrete,具体的な
784,slight,わずかな
785,federal,連邦の
786,primitive,原始的な
787,unfamiliar,不慣れな
788,subtle,微妙な
789,plain,明らかな
790,marine,海の
791,apparent,明白な
792,reluctant,気が進まない，嫌がる
793,temporary,一時的な
794,guilty,罪悪感のある
795,royal,王の
796,pure,純粋な
797,incredible,信じられない
798,eager,熱望して
799,adequate,十分な
800,via,～経由で
801,assess,を評価する
802,approve,賛成する
803,remark,と述べる
804,pose,を引き起こす
805,yield,をもたらす
806,exhibit,を示す，見せる
807,distribute,を分配する
808,command,を命じる
809,occupy,を占める
810,pop,ひょいと動く
811,pile,を積み重ねる
812,greet,に挨拶する
813,apologize,(～に
814,frustrate,をいら立たせる
815,relieve,を和らげる
816,derive,由来する
817,deserve,に値する
818,peer,じっと見る
819,defeat,を負かす
820,convert,を変える
821,wed,と結婚する
822,delight,を喜ばせる
823,boost,を押し上げる
824,endure,に耐える
825,correspond,一致する
826,impose,を課す
827,rescue,を救う
828,resolve,を解決する
829,register,を記録する，登録する
830,interrupt,を中断させる
831,rid,から取り除く，除去する
832,prohibit,を禁止する
833,compose,を構成する
834,misunderstand,誤解する
835,punish,を罰する
836,ruin,をだめにする
837,defend,を防御する
838,embrace,を受け入れる
839,modify,を修正する
840,qualify,に資格を与える
841,passion,情熱
842,enthusiasm,熱情，熱意
843,phase,段階，局面
844,mode,方式
845,span,期間
846,gravity,重力，引力
847,orbit,軌道
848,asteroid,小惑星
849,core,核心
850,soul,精神
851,nerve,神経
852,infection,感染
853,mall,モール，ショッピングセンター
854,grocery,食料雑貨
855,humor,ユーモア
856,instinct,本能
857,faith,信頼
858,courage,勇気
859,incentive,動機
860,prospect,見込み
861,obstacle,障害(to)
862,architecture,建築
863,stem,茎，幹
864,illusion,錯覚，思い違い
865,discrimination,差別
866,shame,恥
867,drought,干ばつ
868,flavor,風味
869,portion,部分
870,recipe,調理法，レシピ
871,luxury,ぜいたく
872,chip,小片，破片
873,ritual,儀式
874,sake,のために，の目的で
875,prefecture,県，府
876,council,議会
877,administration,管理
878,curriculum,教育課程，カリキュラム
879,precious,貴重な
880,generous,寛大な
881,casual,何気ない
882,optimistic,楽観的な
883,rough,粗い
884,unpleasant,不愉快な
885,Arctic,北極の
886,ultimate,究極の
887,deaf,耳が聞こえない
888,genuine,本物の
889,manual,体を使う
890,mechanical,機械の
891,instant,即時の，すぐの
892,spare,余分の，予備の
893,immune,免疫を持つ
894,harsh,厳しい
895,collective,集団の，共同の
896,inevitable,避けられない
897,profound,重大な
898,steady,着実な，一定の
899,mature,成熟した
900,likewise,同様に
901,chase,追跡する
902,sue,を告訴する
903,gaze,じっと見る
904,slip,滑る
905,load,に積む
906,overwhelm,を圧倒する
907,wander,歩き回る
908,float,漂う，浮かぶ
909,pour,を注ぐ
910,substitute,を代わりに使う
911,pronounce,を発音する
912,shrink,縮む，縮小する
913,restore,を回復させる
914,trigger,を引き起こす
915,grab,をつかむ
916,retain,を保持する
917,reproduce,を複製する
918,bob,上下に動く
919,entertain,を楽しませる
920,interfere,干渉する，介入する
921,cultivate,を養う
922,underlie,の根底にある
923,anticipate,を予期する
924,justify,を正当化する
925,regulate,を規制する
926,scan,を走査する
927,classify,を分類する
928,submit,を提出する
929,pause,中止する
930,lean,傾く
931,bump,ぶつかる
932,fold,を折り畳む
933,hesitate,躊躇する，ためらう
934,pump,をポンプで送り込む
935,mount,を据えつける
936,exceed,を超える
937,undergo,を経験する
938,confront,に立ち向かう
939,consult,相談する
940,fulfill,を実現させる
941,privilege,特権，特典
942,formation,形成
943,dimension,側面，局面
944,neuron,ニューロン，神経単位
945,sensation,感覚
946,chart,図，グラフ
947,geography,地理
948,panel,一団
949,semester,学期
950,workforce,労働人口，総労働力
951,mill,製造工場
952,abuse,乱用
953,vice,悪
954,fate,運命
955,tragedy,悲劇
956,scenario,筋書き，事態
957,allergy,アレルギー
958,wound,傷
959,antibiotic,抗生物質
960,vaccine,ワクチン
961,metaphor,隠喩
962,folk,人々
963,fare,料金
964,transition,移り変わり
965,maximum,最大限
966,galaxy,星雲，銀河
967,mineral,鉱物
968,skeleton,骨格
969,counterpart,相当する物
970,stroke,脳卒中
971,pedestrian,歩行者
972,trail,小道
973,ecology,生態学
974,sibling,きょうだい
975,ratio,比率
976,mixture,混合
977,charm,魅力
978,ambition,願望，野望
979,prominent,卓越した
980,radical,急進的な
981,prompt,即座の，迅速な
982,informal,形式ばらない，略式の
983,mutual,相互の
984,neutral,中立の
985,alert,警戒して
986,magnetic,磁気の
987,polar,極地の
988,fluent,流ちょうな
989,external,外部の
990,passive,受動的な
991,awful,ひどい
992,unrelated,無関係の
993,cruel,残酷な
994,fake,偽の
995,vulnerable,弱い，もろい
996,urgent,緊急の
997,spiritual,精神の
998,modest,謙虚な
999,keen,熱心な
1000,nonetheless,それにもかかわらず，それでもなお
1001,negotiate,交渉する
1002,grasp,を把握する
1003,donate,を寄付する
1004,arrest,を逮捕する
1005,crack,ひびが入る
1006,tap,を軽くたたく
1007,split,を分割する
1008,forecast,を予想する
1009,exclude,を除外する
1010,overlook,を見落とす
1011,burst,破裂する
1012,heal,を治す
1013,forbid,を禁じる
1014,install,をインストールする
1015,diminish,を減らす
1016,cite,を引き合いに出す
1017,quote,を引用する
1018,dispute,に異議を唱える
1019,highlight,を目立たせる、強調する
1020,distract,をそらす
1021,cheat,をだます
1022,foster,をはぐくむ
1023,obey,に従う
1024,bend,を曲げる
1025,deprive,から奪う
1026,govern,統治する、支配する
1027,log,ログオンする
1028,transmit,を伝える
1029,bully,をいじめる
1030,leap,跳ぶ
1031,astonish,を驚かす
1032,thrill,をぞくぞくさせる
1033,nod,うなずく
1034,bow,おじぎする
1035,blend,を混ぜる
1036,complicate,を複雑にする
1037,pitch,を投げる
1038,persist,続く
1039,dedicate,をささげる
1040,equip,に備えつける
1041,premise,前提
1042,input,入力、投入
1043,merit,利点
1044,sympathy,同情
1045,compliment,賛辞
1046,infrastructure,インフラ、基本的施設
1047,ray,光線
1048,distress,苦悩
1049,joint,関節
1050,expedition,遠征、探検
1051,adolescent,青年
1052,shade,陰
1053,jury,陪審
1054,ethic,倫理、道徳
1055,penalty,罰
1056,faculty,能力、機能
1057,scheme,計画
1058,nutrition,栄養
1059,particle,粒子
1060,molecule,分子
1061,nationality,国籍
1062,poll,世論調査
1063,clinic,診療所、クリニック
1064,dementia,認知症
1065,fatigue,疲労
1066,dilemma,ジレンマ、板ばさみ
1067,queue,列
1068,curve,カーブ
1069,narrative,物語、話
1070,fingerprint,指紋
1071,file,ファイル
1072,wilderness,荒野
1073,pesticide,殺虫剤
1074,panic,パニック
1075,fabric,織物、布
1076,fantasy,空想
1077,fancy,好み
1078,virtue,美徳
1079,grateful,感謝している
1080,valid,妥当な
1081,elaborate,入念な
1082,moderate,適度な
1083,dynamic,活動的な、精力的な
1084,brave,勇敢な
1085,brilliant,すばらしい
1086,tremendous,途方もない、莫大な
1087,oral,口頭の
1088,innocent,無罪の
1089,subsequent,その後の
1090,shallow,浅い
1091,indifferent,無関心な
1092,inferior,より劣った
1093,awkward,気まずい
1094,obese,肥満した
1095,pregnant,妊娠した
1096,intimate,親密な
1097,medieval,中世の
1098,sacred,神聖な
1099,simultaneously,同時に
1100,versus,A対B
1101,proceed,進む，進行する
1102,orient,を慣らす(to)
1103,surf,を見て回る
1104,filter,をろ過する
1105,bind,を縛る
1106,resort,訴える，頼る
1107,reinforce,を強化する
1108,accumulate,を蓄積する，集める
1109,bet,と確信する，断言する
1110,advocate,を主張する
1111,constitute,を構成する
1112,undertake,を引き受ける
1113,grip,を握る
1114,dismiss,を退ける
1115,fade,薄れる
1116,conceal,を隠す
1117,chew,かむ
1118,swallow,飲み込む
1119,seal,を密閉する
1120,migrate,移住する
1121,exaggerate,誇張する
1122,accuse,を非難する
1123,vanish,消える
1124,polish,を磨く
1125,wipe,を拭く
1126,sweep,掃く
1127,mislead,を誤解させる，欺く
1128,spoil,を台無しにする
1129,compound,を悪化させる
1130,explode,爆発する
1131,disgust,をむかつかせる
1132,commute,通勤する
1133,decorate,を装飾する
1134,postpone,を延期する
1135,cease,をやめる
1136,compromise,妥協する
1137,elect,を選出する
1138,extract,を取り出す
1139,inherit,を受け継ぐ
1140,rear,を育てる
1141,empathy,感情移入，共感
1142,cue,合図
1143,enterprise,企業，事業
1144,output,生産
1145,congress,議会
1146,millennium,千年間，千年紀
1147,mankind,人類
1148,Muslim,イスラム教徒
1149,estate,財産
1150,landmine,地雷
1151,caution,用心
1152,controversy,論争
1153,consensus,総意
1154,retail,小売り
1155,fiber,繊維
1156,scent,香り
1157,beverage,飲み物，飲料
1158,supplement,栄養補助剤，サプリメント
1159,diabetes,糖尿病
1160,province,州，省
1161,reef,礁
1162,microbe,微生物
1163,excess,過剰，超過
1164,gallery,美術館，画廊
1165,fame,名声
1166,deadline,締め切り
1167,undergraduate,学部学生
1168,slavery,奴隷制度
1169,prey,獲物
1170,mess,散らかった状態
1171,recession,不況
1172,retreat,後退，退却
1173,grave,墓
1174,column,コラム
1175,scenery,景色
1176,plot,筋
1177,sculpture,彫刻
1178,tablet,タブレット
1179,dense,密集した，密度の高い
1180,exotic,外来の
1181,acid,酸性の
1182,bitter,苦い，つらい
1183,sensible,賢明な
1184,noble,高貴な
1185,vague,漠然とした，あいまいな
1186,parallel,平行の
1187,tense,張り詰めた，緊張した
1188,vertical,垂直の
1189,indigenous,原産の，先住の
1190,aboriginal,アボリジニの
1191,seasonal,季節の，季節的な
1192,abundant,豊富な
1193,hybrid,ハイブリッドの
1194,irrelevant,無関係の
1195,ridiculous,ばかげた
1196,fairy,妖精の
1197,sensory,感覚の
1198,chronic,慢性の
1199,voluntary,自発的な
1200,inclined,傾向がある
1201,infer,を推論する，推測する
1202,esteem,を尊敬する
1203,tackle,に取り組む
1204,venture,危険を冒して進む
1205,accelerate,を加速させる，促進する
1206,accustom,を慣れさせる
1207,amuse,をおもしろがらせる，楽しませる
1208,flourish,繁栄する
1209,thrive,繁栄する，うまくいく
1210,nurture,をはぐくむ
1211,click,クリックする
1212,spin,回転する
1213,clip,を切り抜く
1214,drag,を引きずる
1215,cast,を投じる
1216,scatter,をまき散らす
1217,tempt,を気にさせる
1218,withdraw,を引き出す
1219,yawn,あくびをする
1220,blink,まばたきする
1221,dye,を染める
1222,spill,をこぼす
1223,irritate,をいらいらさせる
1224,insult,を侮辱する
1225,enforce,を施行する
1226,rob,から奪う
1227,drain,を流出させる
1228,suspend,を停職にする
1229,drift,漂う
1230,forgive,を許す
1231,revise,を修正する
1232,recruit,を募る
1233,twist,をねじる，ひねる
1234,crush,を押しつぶす
1235,pin,をピンで留める
1236,uncover,を暴く
1237,exploit,を活用する
1238,implement,を実行する
1239,integrate,を統合する
1240,incorporate,を取り入れる
1241,profile,人物の紹介
1242,appetite,食欲
1243,impulse,衝動
1244,script,台本
1245,anniversary,記念日
1246,pension,年金
1247,temper,気質，気性
1248,cortex,皮質
1249,syndrome,症候群
1250,chamber,部屋
1251,utility,公共事業
1252,cattle,牛
1253,herd,群れ
1254,fluid,流動体，液体
1255,pity,残念なこと
1256,priest,聖職者
1257,acquaintance,知人
1258,offspring,子孫，子
1259,famine,飢饉
1260,deforestation,森林伐採
1261,jail,刑務所，拘置所
1262,commodity,商品
1263,format,書式，形式
1264,recipient,受け取る人
1265,drill,訓練
1266,inability,無能，無力
1267,republic,共和国
1268,combat,戦闘
1269,debris,残骸，瓦礫
1270,bug,病原菌
1271,fraction,わずか，一部
1272,index,指標
1273,intuition,直観，直感
1274,motive,動機
1275,consent,同意，承諾
1276,hierarchy,階層制
1277,monument,記念碑，遺跡
1278,asset,資産
1279,decent,まずまずの
1280,competent,有能な
1281,straightforward,単純な
1282,cosmetic,化粧の，美容の
1283,delicate,繊細な
1284,interior,室内の
1285,transparent,透明な
1286,aesthetic,美的な
1287,deliberate,故意の
1288,demographic,人口統計学の
1289,prehistoric,有史以前の
1290,innate,生まれながらの
1291,mild,穏やかな
1292,toxic,有毒な
1293,ashamed,恥じて
1294,humble,謙虚な
1295,peculiar,特有の
1296,steep,急な
1297,trivial,ささいな，取るに足りない
1298,magnificent,壮大な
1299,wireless,無線の，ラジオの
1300,ongoing,継続している，進行中の
1301,assure,に自信を持って言う
1302,precede,に先行する
1303,revive,を復活させる
1304,compel,に強いる
1305,blossom,花が咲く
1306,terrify,を怖がらせる
1307,violate,に違反する
1308,suppress,を抑える
1309,deceive,をだます
1310,manipulate,を操る
1311,starve,飢える
1312,flee,逃げる
1313,whisper,ささやく
1314,yell,叫ぶ，どなる
1315,deposit,を置く
1316,confine,を限定する
1317,swing,を揺らす，振る
1318,prolong,を長引かせる
1319,depict,を描く
1320,outline,の要点を述べる
1321,shed,を捨て去る
1322,emit,を出す，排出する
1323,renew,を更新する
1324,utilize,を利用する
1325,assert,を主張する
1326,strain,に負担をかける
1327,strive,努力する
1328,dare,あえて…する
1329,boast,を誇る
1330,startle,をびっくりさせる
1331,offend,の気分を害する
1332,compute,計算する
1333,assemble,を集める
1334,worsen,を悪化させる
1335,flip,を裏返す
1336,rub,こする
1337,descend,降りる
1338,compensate,補償する
1339,comprise,から成る
1340,prevail,普及している
1341,quest,探究
1342,dignity,尊厳
1343,criterion,基準
1344,paradox,逆説
1345,parliament,議会
1346,legislation,法律
1347,agenda,協議事項
1348,mainstream,主流
1349,troop,軍隊
1350,epidemic,流行
1351,outbreak,発生，勃発
1352,chaos,混沌，大混乱
1353,nightmare,悪夢
1354,horror,恐怖
1355,cluster,集団
1356,pollen,花粉
1357,hive,ミツバチの巣
1358,irrigation,灌漑
1359,dose,服用量
1360,suicide,自殺
1361,feast,祝宴
1362,cuisine,料理，料理法
1363,rumor,うわさ
1364,proverb,ことわざ
1365,signature,署名
1366,formula,方法，解決策
1367,tuition,授業料
1368,intake,摂取量
1369,spectrum,スペクトル
1370,kidney,腎臓
1371,gear,用具，器具
1372,aisle,通路
1373,grief,深い悲しみ
1374,destiny,運命
1375,skull,頭骨，頭蓋骨
1376,tomb,墓
1377,monk,修道士，僧
1378,worship,崇拝，礼拝
1379,outstanding,際立った
1380,unprecedented,前例のない
1381,infinite,無限の
1382,worthwhile,価値がある
1383,indispensable,不可欠な
1384,compulsory,義務的な，強制的な
1385,probable,十分にありそうな
1386,ambiguous,あいまいな
1387,obscure,知られていない
1388,skeptical,懐疑的な
1389,fragile,壊れやすい
1390,static,静的な
1391,gradual,徐々の，緩やかな
1392,vocal,声の，発声の
1393,vivid,鮮やかな
1394,imperial,帝国の
1395,hostile,敵意のある
1396,superficial,表面的な
1397,scarce,乏しい
1398,gross,総計の
1399,inherent,生来の，本来的に備わっている
1400,notable,注目に値する
1401,update,を最新のものにする
1402,refresh,をさわやかにする
1403,bloom,花が咲く
1404,conquer,を征服する
1405,induce,を引き起こす
1406,attain,を獲得する，達成する
1407,spray,を吹きかける，に吹きつける
1408,retrieve,を検索する
1409,portray,を描く
1410,scratch,を引っかく
1411,designate,を指定する
1412,contradict,と矛盾する
1413,sigh,ため息をつく
1414,disrupt,を混乱させる
1415,depart,出発する
1416,navigate,誘導する
1417,beg,に切に頼む
1418,inhabit,に住んでいる
1419,diagnose,診断する
1420,comprehend,を理解する
1421,oblige,に義務づける
1422,cram,に詰め込む
1423,flock,群がる，集まる
1424,underestimate,過小評価する
1425,clarify,を明確にする
1426,spark,を引き起こす
1427,seize,をつかむ
1428,soar,急上昇する
1429,glow,光り輝く
1430,disguise,を変装させる
1431,distort,を歪める
1432,undermine,を徐々にむしばむ
1433,abolish,を廃止する
1434,strip,を取り去る
1435,dispose,を処分する
1436,dump,を投棄する
1437,weave,を織る
1438,refine,を洗練する
1439,enrich,を豊かにする
1440,coordinate,を調整する
1441,headline,見出し
1442,internship,実務研修
1443,outlet,直売店，特売店
1444,remedy,治療
1445,pill,錠剤，丸薬
1446,reception,反応
1447,transaction,取引
1448,mutation,突然変異
1449,dairy,乳製品
1450,compassion,同情
1451,posture,姿勢
1452,curse,悪態，ののしりの言葉
1453,funeral,葬式
1454,census,国勢調査
1455,encyclopedia,百科事典
1456,cereal,穀物
1457,fragment,断片
1458,patch,部分，斑点
1459,rubbish,ごみ
1460,maze,迷路
1461,outlook,見解
1462,breakthrough,大発見，飛躍的進歩
1463,triumph,勝利
1464,ally,同盟国
1465,spectator,観客
1466,sphere,領域
1467,county,郡
1468,behalf,利益，味方
1469,interval,間隔
1470,circulation,循環
1471,blade,刃
1472,theft,窃盗
1473,vacuum,真空
1474,collision,衝突
1475,bargain,買い得品
1476,landmark,目印
1477,revenue,歳入
1478,treaty,条約
1479,supreme,最高の
1480,thorough,徹底的な
1481,naked,裸の
1482,sincere,心からの
1483,tame,飼いならされた，人に慣れた
1484,insufficient,不十分な
1485,dim,薄暗い
1486,acute,激しい
1487,disabled,障害のある
1488,metropolitan,大都市の，首都圏の
1489,monetary,金銭的な
1490,alternate,代わりの
1491,partial,部分的な
1492,divine,神の
1493,drastic,徹底的な，抜本的な
1494,fierce,猛烈な
1495,sole,唯一の
1496,spontaneous,自然発生的な
1497,spatial,空間の
1498,neat,きちんとした
1499,tidy,きちんとした，整頓された
1500,loyal,忠実な
1501,bless,に恩恵を与える
1502,regain,を取り戻す
1503,conform,順応する
1504,enroll,登録する，入会する
1505,entitle,に権利を与える
1506,halt,を止める
1507,provoke,を引き起こす
1508,invade,を侵略する
1509,squeeze,押し入る
1510,crawl,はう
1511,digest,を消化する
1512,utter,を発する
1513,refrain,控える
1514,populate,に住む，の住民である
1515,accommodate,を収容する
1516,steer,操縦する
1517,drown,溺死する
1518,dip,を浸す
1519,soak,を浸す
1520,stir,をかき回す
1521,transplant,を移植する
1522,reassure,を安心させる
1523,resume,再開する
1524,speculate,推測する
1525,surpass,を上回る
1526,appoint,を任命する
1527,intrigue,に興味を持たせる
1528,decay,腐敗する
1529,contaminate,を汚染する
1530,swell,膨張する，腫れる
1531,delete,を削除する，消す
1532,tolerate,を許容する，我慢する
1533,envy,をうらやむ
1534,pray,祈る
1535,confess,告白する
1536,resign,辞任する
1537,dissolve,溶かす
1538,unfold,を開く
1539,awaken,を目覚めさせる
1540,conceive,思いつく
1541,entrepreneur,起業家，事業家
1542,stake,利害関係
1543,surplus,余剰，過剰
1544,inflation,インフレ
1545,sweatshop,搾取工場
1546,clash,衝突
1547,sociology,社会学
1548,ideology,イデオロギー，思想傾向
1549,margin,余白
1550,realm,領域
1551,domain,分野
1552,algorithm,アルゴリズム
1553,prairie,大草原
1554,frontier,最先端
1555,bullet,銃弾
1556,shield,盾，防御物
1557,despair,絶望
1558,radiation,放射能，放射線
1559,placebo,偽薬，プラシーボ
1560,nursery,託児所
1561,spouse,配偶者
1562,makeup,化粧
1563,mummy,ミイラ
1564,flesh,肉
1565,limb,手足
1566,odor,におい
1567,laundry,洗濯
1568,tide,潮
1569,questionnaire,アンケート
1570,nonsense,ばかげた物
1571,revenge,復讐
1572,intellect,知性
1573,hospitality,親切なもてなし，歓待
1574,librarian,司書，図書館員
1575,manuscript,原稿
1576,obsession,取りつかれること
1577,hygiene,衛生
1578,paradigm,理論的枠組み，パラダイム
1579,legitimate,合法的な
1580,authentic,本物の
1581,empirical,経験的な
1582,immense,膨大な
1583,absurd,ばかげた
1584,weird,異様な，奇妙な
1585,accidental,偶然の
1586,uneasy,不安な
1587,jealous,嫉妬深い
1588,feminine,女らしい
1589,swift,素早い
1590,hollow,空洞の
1591,crude,大まかな
1592,sore,痛い
1593,pessimistic,悲観的な
1594,vain,無駄な
1595,susceptible,影響を受けやすい
1596,edible,食用の，食べられる
1597,sheer,純然たる，真の
1598,explicit,明白な
1599,prone,なりやすい
1600,affluent,裕福な
1601,collaborate,共同して働く
1602,exert,を及ぼす
1603,excel,秀でている
1604,prosper,栄える，成功する
1605,surge,殺到する
1606,intervene,介入する
1607,insert,を挿入する
1608,overtake,を追い抜く
1609,snap,をパチンと鳴らす
1610,carve,を彫る
1611,addict,中毒になる
1612,condemn,を非難する
1613,convict,に有罪を宣告する
1614,dictate,を指図する
1615,prescribe,を処方する
1616,inhibit,を抑制する
1617,stray,はぐれる，迷う
1618,roam,歩き回る
1619,enclose,を同封する
1620,execute,を実行する
1621,coincide,同時に起こる
1622,lag,遅れる
1623,cling,しがみつく
1624,erase,を消す
1625,grind,をひく
1626,knit,を編む
1627,inquire,尋ねる
1628,betray,をうっかり表す
1629,leak,漏れる
1630,smash,を粉砕する
1631,bounce,跳ねる
1632,sprawl,不規則に広がる
1633,converse,会話をする
1634,recite,を暗唱する
1635,disregard,を無視する
1636,frown,眉をひそめる
1637,evoke,を呼び起こす
1638,pledge,を誓う，約束する
1639,aspire,熱望する
1640,contemplate,熟考する
1641,grace,優美，優雅
1642,enlightenment,啓蒙，啓発
1643,commerce,商業
1644,draft,下書き
1645,barrel,バレル
1646,timber,木材
1647,garment,衣服
1648,thread,糸
1649,cabinet,内閣
1650,bureau,局
1651,autonomy,自律
1652,toll,損害
1653,discourse,話し合い，会話
1654,superstition,迷信
1655,glimpse,ちらりと見えること
1656,arithmetic,計算
1657,glossary,用語小辞典
1658,archive,記録文書，公文書
1659,legacy,遺産
1660,anthropology,人類学
1661,rage,激怒
1662,sorrow,悲しみ
1663,psychiatrist,精神科医
1664,ward,行政区
1665,stall,露店
1666,flame,炎
1667,moisture,水分
1668,irony,皮肉
1669,warrior,戦士
1670,astronomy,天文学
1671,probe,宇宙探査機
1672,altitude,高度，標高
1673,tumor,腫瘍
1674,defect,欠陥
1675,sanitation,公衆衛生
1676,longevity,長寿
1677,scope,範囲
1678,sentiment,感情
1679,plausible,もっともらしい
1680,vigorous,精力的な
1681,masculine,男らしい
1682,rigid,厳しい
1683,adverse,不都合な
1684,coherent,一貫した，筋の通った
1685,literal,文字どおりの
1686,arbitrary,恣意的な
1687,anonymous,匿名の
1688,antique,骨董の，アンティークの
1689,eternal,永遠の
1690,intermediate,中級の
1691,subordinate,下位の
1692,gloomy,陰気な
1693,thermal,熱の，熱による
1694,faint,かすかな
1695,naive,お人よしの，愚直な
1696,apt,傾向がある
1697,arrogant,横柄な，傲慢な
1698,extrovert,外向的な
1699,conspicuous,目立つ
1700,intact,損なわれていない，手つかずの
1701,embody,を具現する
1702,illuminate,を照らす
1703,console,を慰める
1704,verify,の正しさを証明する
1705,disclose,を公表する，暴く
1706,stack,を積む，積み重ねる
1707,rotate,回転する
1708,constrain,に強いる
1709,hinder,を妨げる
1710,withstand,に耐える
1711,tweet,ツイートする，つぶやく
1712,sneeze,くしゃみをする
1713,erupt,噴火する
1714,blur,をぼかす
1715,overlap,重なる
1716,embed,埋め込まれる，はめ込まれる
1717,displace,に取って代わる
1718,render,をする
1719,plunge,突っ込む(into)
1720,surrender,を放棄する，引き渡す
1721,plug,のプラグを電源に差し込む
1722,suck,吸う
1723,mock,をばかにする
1724,tease,からかう
1725,soothe,をなだめる
1726,stain,を汚す
1727,shun,を避ける
1728,stumble,よろけながら歩く
1729,flush,を紅潮させる
1730,impair,を損なう
1731,presume,と思う
1732,contend,と主張する
1733,roar,うなる，ほえる
1734,haunt,につきまとう
1735,divert,をそらす
1736,await,を待つ
1737,fetch,を持ってくる
1738,unify,を統合する
1739,inspect,を点検する
1740,entail,を伴う，引き起こす
1741,tactics,作戦，方策
1742,feat,偉業，功績
1743,prestige,名声
1744,analogy,類推
1745,conscience,良心
1746,textile,織物
1747,deficit,赤字，不足
1748,plague,疫病
1749,hazard,危険
1750,metabolism,代謝，代謝作用
1751,paralysis,麻痺
1752,grid,供給網
1753,carriage,馬車
1754,friction,不和
1755,rebel,反逆者
1756,regime,政権，政体
1757,monopoly,独占
1758,staple,必需食品
1759,merchandise,商品
1760,vendor,物売り，行商人
1761,supervisor,監督者
1762,predecessor,前任者
1763,personnel,職員，社員
1764,vessel,船舶
1765,liver,肝臓
1766,duration,継続，持続
1767,certificate,証明書
1768,geometry,幾何学
1769,symmetry,対称
1770,biography,伝記
1771,masterpiece,傑作
1772,rhyme,押韻詩
1773,premium,保険料
1774,breakdown,崩壊
1775,courtesy,礼儀正しさ
1776,protocol,議定書
1777,specimen,標本
1778,thesis,論文
1779,eligible,適格の，資格のある
1780,intrinsic,固有の，本質的な
1781,diligent,勤勉な
1782,vocational,職業の，職業訓練の
1783,bankrupt,破産宣告を受けた
1784,stern,厳しい
1785,stubborn,頑固な，強情な
1786,maternal,母の，母親らしい
1787,fertile,肥沃な
1788,ripe,熟した
1789,stiff,硬直した，凝った
1790,obsolete,廃れた，使われなくなった
1791,vacant,空いている
1792,acoustic,音響の
1793,preliminary,予備の，準備の
1794,approximate,おおよその
1795,implicit,暗黙の
1796,punctual,時間を守る
1797,compatible,矛盾しない
1798,ample,十分すぎるほどの
1799,pervasive,隅々に広がった
1800,ubiquitous,至る所にある
1801,deduce,を推測する，演繹する
1802,simulate,を模擬実験する
1803,merge,合併する
1804,penetrate,浸透する
1805,cater,料理をまかなう
1806,assault,に暴行する
1807,torture,を拷問にかける
1808,bleed,出血する
1809,erect,を建てる
1810,cherish,を大切にする
1811,arouse,を引き起こす
1812,doom,運命にある
1813,mourn,悼む
1814,dread,をひどく恐れる
1815,nourish,に栄養を与える
1816,inject,に注射する，を注入する
1817,swear,ののしる
1818,bid,の値をつける
1819,corrupt,を堕落させる
1820,preoccupy,の心を奪う，を夢中にさせる
1821,browse,拾い読みする
1822,compile,を編集する
1823,allocate,を割り当てる，分配する
1824,offset,を相殺する，埋め合わせる
1825,restrain,を制止する
1826,comply,従う，応じる
1827,expire,期限が切れる
1828,embark,乗り出す
1829,flap,パタパタ動く
1830,furnish,に備えつける
1831,forge,を偽造する
1832,thrust,を押しつける
1833,dispatch,を派遣する
1834,resent,に憤慨する
1835,reconcile,を一致させる
1836,allege,を主張する
1837,oppress,を抑圧する
1838,expel,を追放する
1839,ascend,上がる
1840,commence,始まる
1841,advent,出現，到来
1842,reign,治世
1843,diplomacy,外交
1844,embassy,大使館
1845,exile,亡命
1846,refuge,避難
1847,plight,窮状
1848,solitude,ひとりでいること
1849,fallacy,誤った考え，誤信
1850,latitude,緯度
1851,eclipse,食
1852,basin,流域
1853,erosion,浸食
1854,archaeology,考古学
1855,errand,使い，使い走り
1856,mercy,慈悲
1857,rhetoric,修辞
1858,verse,韻文
1859,congestion,混雑
1860,sewage,下水
1861,complement,補完物，補足
1862,subsidy,補助金
1863,mortgage,住宅ローン
1864,attorney,弁護士
1865,outfit,衣装一式
1866,bulk,大半
1867,reunion,再会
1868,synthesis,合成
1869,mold,鋳型
1870,thirst,渇き
1871,greed,強欲
1872,bribe,賄賂
1873,contempt,軽蔑
1874,texture,感触，手触り
1875,orphan,孤児
1876,harassment,嫌がらせ，ハラスメント
1877,hay,干し草
1878,doctrine,教義
1879,holistic,全体論の
1880,liable,しがちな
1881,earnest,まじめな，熱心な
1882,intelligible,理解できる
1883,abrupt,突然の
1884,reckless,無謀な
1885,furious,激怒した
1886,eloquent,雄弁な
1887,juvenile,青少年の
1888,notorious,悪名高い
1889,timid,臆病な
1890,humid,湿気のある
1891,contagious,感染の
1892,cynical,冷笑的な，皮肉な
1893,dumb,ばかげた
1894,monotonous,単調な
1895,perpetual,永続的な
1896,dizzy,目まいがする
1897,weary,疲れ果てた
1898,numb,麻痺した，無感覚な
1899,mortal,致命的な
1900,zealous,熱心な
